period,year,month,quarter,continentId,continentName,value,quantity
2021-01,2021,1,1,1B,ทวีปยุโรป,122520093.0,2066211.0
2021-01,2021,1,1,1A,ทวีปเอเชีย,94923113.0,2178682.0
2021-01,2021,1,1,1C,ทวีปอเมริกาเหนือ,21023986.0,409936.0
2021-01,2021,1,1,1F,ทวีปออสเตรเลีย,8347961.0,181221.0
2021-01,2021,1,1,1E,ทวีปแอฟริกา,3036015.0,46617.0
2021-01,2021,1,1,1D,ทวีปอเมริกาใต้,1986680.0,34974.0
2021-02,2021,2,1,1B,ทวีปยุโรป,136684722.0,2325041.0
2021-02,2021,2,1,1C,ทวีปอเมริกาเหนือ,32824397.0,623678.0
2021-02,2021,2,1,1A,ทวีปเอเชีย,86407209.0,1956169.0
2021-02,2021,2,1,1F,ทวีปออสเตรเลีย,9958857.0,179092.0
2021-02,2021,2,1,1E,ทวีปแอฟริกา,1675708.0,21688.0
2021-02,2021,2,1,1D,ทวีปอเมริกาใต้,366558.0,4560.0
2021-03,2021,3,1,1B,ทวีปยุโรป,204576097.0,3170894.0
2021-03,2021,3,1,1C,ทวีปอเมริกาเหนือ,18677098.0,337631.0
2021-03,2021,3,1,1A,ทวีปเอเชีย,106639961.0,2441629.0
2021-03,2021,3,1,1F,ทวีปออสเตรเลีย,10562746.0,215785.0
2021-03,2021,3,1,1E,ทวีปแอฟริกา,4337855.0,54999.0
2021-03,2021,3,1,1D,ทวีปอเมริกาใต้,1357784.0,21552.0
2021-04,2021,4,2,1B,ทวีปยุโรป,177390756.0,2749063.0
2021-04,2021,4,2,1C,ทวีปอเมริกาเหนือ,21517736.0,395711.0
2021-04,2021,4,2,1A,ทวีปเอเชีย,76041771.0,1588367.0
2021-04,2021,4,2,1F,ทวีปออสเตรเลีย,7495437.0,113301.0
2021-04,2021,4,2,1E,ทวีปแอฟริกา,3115500.0,63259.0
2021-04,2021,4,2,1D,ทวีปอเมริกาใต้,2263452.0,35909.0
2021-05,2021,5,2,1B,ทวีปยุโรป,196885880.0,3300618.0
2021-05,2021,5,2,1C,ทวีปอเมริกาเหนือ,30483980.0,604988.0
2021-05,2021,5,2,1A,ทวีปเอเชีย,99629705.0,1976227.0
2021-05,2021,5,2,1F,ทวีปออสเตรเลีย,16486809.0,339093.0
2021-05,2021,5,2,1E,ทวีปแอฟริกา,2300379.0,30556.0
2021-05,2021,5,2,1D,ทวีปอเมริกาใต้,854279.0,6593.0
2021-06,2021,6,2,1B,ทวีปยุโรป,208430120.0,3327671.0
2021-06,2021,6,2,1C,ทวีปอเมริกาเหนือ,46729248.0,881606.0
2021-06,2021,6,2,1A,ทวีปเอเชีย,89800430.0,1865040.0
2021-06,2021,6,2,1F,ทวีปออสเตรเลีย,10076145.0,171683.0
2021-06,2021,6,2,1E,ทวีปแอฟริกา,6347665.0,82526.0
2021-06,2021,6,2,1D,ทวีปอเมริกาใต้,553915.0,10538.0
2021-07,2021,7,3,1B,ทวีปยุโรป,174663488.0,2856473.0
2021-07,2021,7,3,1C,ทวีปอเมริกาเหนือ,28703241.0,510865.0
2021-07,2021,7,3,1A,ทวีปเอเชีย,66046227.0,1404999.0
2021-07,2021,7,3,1F,ทวีปออสเตรเลีย,11770221.0,243648.0
2021-07,2021,7,3,1E,ทวีปแอฟริกา,2269771.0,34284.0
2021-07,2021,7,3,1D,ทวีปอเมริกาใต้,1288711.0,14876.0
2021-08,2021,8,3,1B,ทวีปยุโรป,174565170.0,2723641.0
2021-08,2021,8,3,1C,ทวีปอเมริกาเหนือ,34208299.0,634670.0
2021-08,2021,8,3,1A,ทวีปเอเชีย,88395818.0,1825908.0
2021-08,2021,8,3,1F,ทวีปออสเตรเลีย,14823738.0,323338.0
2021-08,2021,8,3,1E,ทวีปแอฟริกา,367375.0,7118.0
2021-08,2021,8,3,1D,ทวีปอเมริกาใต้,1536544.0,24176.0
2021-09,2021,9,3,1B,ทวีปยุโรป,191490757.0,3056012.0
2021-09,2021,9,3,1C,ทวีปอเมริกาเหนือ,67723514.0,1152773.0
2021-09,2021,9,3,1A,ทวีปเอเชีย,150022087.0,2734397.0
2021-09,2021,9,3,1F,ทวีปออสเตรเลีย,10935315.0,214390.0
2021-09,2021,9,3,1E,ทวีปแอฟริกา,6996665.0,96887.0
2021-09,2021,9,3,1D,ทวีปอเมริกาใต้,1973748.0,27571.0
2021-10,2021,10,4,1B,ทวีปยุโรป,246999829.0,4089167.0
2021-10,2021,10,4,1C,ทวีปอเมริกาเหนือ,77152148.0,1333075.0
2021-10,2021,10,4,1A,ทวีปเอเชีย,153436163.0,2763886.0
2021-10,2021,10,4,1F,ทวีปออสเตรเลีย,23465488.0,282435.0
2021-10,2021,10,4,1E,ทวีปแอฟริกา,4893952.0,69449.0
2021-10,2021,10,4,1D,ทวีปอเมริกาใต้,1354190.0,22544.0
2021-11,2021,11,4,1B,ทวีปยุโรป,260960955.0,4226545.0
2021-11,2021,11,4,1C,ทวีปอเมริกาเหนือ,52636692.0,873716.0
2021-11,2021,11,4,1A,ทวีปเอเชีย,157929860.0,2880019.0
2021-11,2021,11,4,1F,ทวีปออสเตรเลีย,11387031.0,155157.0
2021-11,2021,11,4,1E,ทวีปแอฟริกา,5062555.0,72042.0
2021-11,2021,11,4,1D,ทวีปอเมริกาใต้,2823841.0,37452.0
2021-11,2021,11,4,1G,ประเทศอื่น,153882.0,3019.0
2021-12,2021,12,4,1B,ทวีปยุโรป,229192357.0,4051401.0
2021-12,2021,12,4,1C,ทวีปอเมริกาเหนือ,58624383.0,923728.0
2021-12,2021,12,4,1A,ทวีปเอเชีย,202795449.0,3811773.0
2021-12,2021,12,4,1F,ทวีปออสเตรเลีย,13879683.0,218984.0
2021-12,2021,12,4,1E,ทวีปแอฟริกา,2410934.0,36415.0
2021-12,2021,12,4,1D,ทวีปอเมริกาใต้,2502681.0,42297.0
2021-12,2021,12,4,1G,ประเทศอื่น,0.0,0.0
2022-01,2022,1,1,1C,ทวีปอเมริกาเหนือ,67678456.0,1236257.0
2022-01,2022,1,1,1B,ทวีปยุโรป,227798285.0,3743175.0
2022-01,2022,1,1,1A,ทวีปเอเชีย,157318362.0,2988564.0
2022-01,2022,1,1,1F,ทวีปออสเตรเลีย,13305088.0,198193.0
2022-01,2022,1,1,1E,ทวีปแอฟริกา,2790771.0,54608.0
2022-01,2022,1,1,1D,ทวีปอเมริกาใต้,1698212.0,23009.0
2022-02,2022,2,1,1C,ทวีปอเมริกาเหนือ,68498663.0,1008651.0
2022-02,2022,2,1,1B,ทวีปยุโรป,217074360.0,3729414.0
2022-02,2022,2,1,1A,ทวีปเอเชีย,177278918.0,3415797.0
2022-02,2022,2,1,1F,ทวีปออสเตรเลีย,12179490.0,241393.0
2022-02,2022,2,1,1E,ทวีปแอฟริกา,3031822.0,34938.0
2022-02,2022,2,1,1D,ทวีปอเมริกาใต้,1914586.0,14916.0
2022-03,2022,3,1,1C,ทวีปอเมริกาเหนือ,82532143.0,1424190.0
2022-03,2022,3,1,1B,ทวีปยุโรป,199165550.0,3144289.0
2022-03,2022,3,1,1A,ทวีปเอเชีย,192498429.0,3792067.0
2022-03,2022,3,1,1F,ทวีปออสเตรเลีย,16421942.0,292901.0
2022-03,2022,3,1,1E,ทวีปแอฟริกา,7289434.0,109640.0
2022-03,2022,3,1,1D,ทวีปอเมริกาใต้,509798.0,5113.0
2022-04,2022,4,2,1C,ทวีปอเมริกาเหนือ,57190415.0,916163.0
2022-04,2022,4,2,1B,ทวีปยุโรป,182655559.0,2774684.0
2022-04,2022,4,2,1A,ทวีปเอเชีย,157843442.0,2936704.0
2022-04,2022,4,2,1F,ทวีปออสเตรเลีย,14292250.0,286030.0
2022-04,2022,4,2,1E,ทวีปแอฟริกา,3099424.0,52335.0
2022-04,2022,4,2,1D,ทวีปอเมริกาใต้,1541761.0,18874.0
2022-05,2022,5,2,1C,ทวีปอเมริกาเหนือ,63106665.0,987806.0
2022-05,2022,5,2,1B,ทวีปยุโรป,187422387.0,2787630.0
2022-05,2022,5,2,1A,ทวีปเอเชีย,167874309.0,3146568.0
2022-05,2022,5,2,1F,ทวีปออสเตรเลีย,13385490.0,267449.0
2022-05,2022,5,2,1E,ทวีปแอฟริกา,2771273.0,34835.0
2022-05,2022,5,2,1D,ทวีปอเมริกาใต้,1422485.0,13763.0
2022-06,2022,6,2,1C,ทวีปอเมริกาเหนือ,67088641.0,1045399.0
2022-06,2022,6,2,1B,ทวีปยุโรป,204514945.0,3369850.0
2022-06,2022,6,2,1A,ทวีปเอเชีย,168898284.0,2925587.0
2022-06,2022,6,2,1F,ทวีปออสเตรเลีย,16240819.0,311250.0
2022-06,2022,6,2,1E,ทวีปแอฟริกา,2906743.0,43475.0
2022-06,2022,6,2,1D,ทวีปอเมริกาใต้,1575993.0,24823.0
2022-07,2022,7,3,1C,ทวีปอเมริกาเหนือ,56674304.0,813093.0
2022-07,2022,7,3,1B,ทวีปยุโรป,188759207.0,3075683.0
2022-07,2022,7,3,1A,ทวีปเอเชีย,166007091.0,2781318.0
2022-07,2022,7,3,1F,ทวีปออสเตรเลีย,20419438.0,372529.0
2022-07,2022,7,3,1E,ทวีปแอฟริกา,5589080.0,82322.0
2022-07,2022,7,3,1D,ทวีปอเมริกาใต้,3153559.0,47338.0
2022-08,2022,8,3,1C,ทวีปอเมริกาเหนือ,85581479.0,1209449.0
2022-08,2022,8,3,1B,ทวีปยุโรป,214375079.0,3210482.0
2022-08,2022,8,3,1A,ทวีปเอเชีย,163698706.0,2680581.0
2022-08,2022,8,3,1F,ทวีปออสเตรเลีย,23937660.0,388668.0
2022-08,2022,8,3,1E,ทวีปแอฟริกา,6540586.0,82104.0
2022-08,2022,8,3,1D,ทวีปอเมริกาใต้,1357740.0,17393.0
2022-09,2022,9,3,1C,ทวีปอเมริกาเหนือ,76526161.0,1075763.0
2022-09,2022,9,3,1B,ทวีปยุโรป,189044822.0,2805378.0
2022-09,2022,9,3,1A,ทวีปเอเชีย,153329944.0,2607086.0
2022-09,2022,9,3,1F,ทวีปออสเตรเลีย,22089761.0,322488.0
2022-09,2022,9,3,1E,ทวีปแอฟริกา,2648414.0,39460.0
2022-09,2022,9,3,1D,ทวีปอเมริกาใต้,1502947.0,19362.0
2022-10,2022,10,4,1C,ทวีปอเมริกาเหนือ,37045614.0,601283.0
2022-10,2022,10,4,1B,ทวีปยุโรป,168922610.0,2515590.0
2022-10,2022,10,4,1A,ทวีปเอเชีย,170950190.0,2814848.0
2022-10,2022,10,4,1F,ทวีปออสเตรเลีย,17412541.0,275584.0
2022-10,2022,10,4,1E,ทวีปแอฟริกา,2483095.0,34661.0
2022-10,2022,10,4,1D,ทวีปอเมริกาใต้,775984.0,6576.0
2022-11,2022,11,4,1C,ทวีปอเมริกาเหนือ,45887136.0,659721.0
2022-11,2022,11,4,1B,ทวีปยุโรป,189469053.0,2594352.0
2022-11,2022,11,4,1A,ทวีปเอเชีย,154401699.0,2560111.0
2022-11,2022,11,4,1F,ทวีปออสเตรเลีย,21325060.0,255795.0
2022-11,2022,11,4,1E,ทวีปแอฟริกา,5104555.0,71593.0
2022-11,2022,11,4,1D,ทวีปอเมริกาใต้,1111396.0,17423.0
2022-12,2022,12,4,1C,ทวีปอเมริกาเหนือ,62557329.0,902404.0
2022-12,2022,12,4,1B,ทวีปยุโรป,151580385.0,2275759.0
2022-12,2022,12,4,1A,ทวีปเอเชีย,185532852.0,3213873.0
2022-12,2022,12,4,1F,ทวีปออสเตรเลีย,17619011.0,313570.0
2022-12,2022,12,4,1E,ทวีปแอฟริกา,2224063.0,26845.0
2022-12,2022,12,4,1D,ทวีปอเมริกาใต้,72983.0,929.0
2023-01,2023,1,1,1B,ทวีปยุโรป,141181147.0,2079274.0
2023-01,2023,1,1,1A,ทวีปเอเชีย,132027724.0,2474748.0
2023-01,2023,1,1,1F,ทวีปออสเตรเลีย,23355171.0,344377.0
2023-01,2023,1,1,1C,ทวีปอเมริกาเหนือ,31367400.0,509628.0
2023-01,2023,1,1,1E,ทวีปแอฟริกา,2463104.0,33696.0
2023-01,2023,1,1,1D,ทวีปอเมริกาใต้,610924.0,6054.0
2023-02,2023,2,1,1B,ทวีปยุโรป,182484814.0,2693899.0
2023-02,2023,2,1,1A,ทวีปเอเชีย,171593651.0,3184310.0
2023-02,2023,2,1,1C,ทวีปอเมริกาเหนือ,42727743.0,670707.0
2023-02,2023,2,1,1F,ทวีปออสเตรเลีย,14086980.0,220817.0
2023-02,2023,2,1,1E,ทวีปแอฟริกา,4157979.0,69723.0
2023-02,2023,2,1,1D,ทวีปอเมริกาใต้,1670686.0,18833.0
2023-02,2023,2,1,1G,ประเทศอื่น,68359.0,900.0
2023-03,2023,3,1,1B,ทวีปยุโรป,240392893.0,3463021.0
2023-03,2023,3,1,1A,ทวีปเอเชีย,170187159.0,2895946.0
2023-03,2023,3,1,1C,ทวีปอเมริกาเหนือ,38251298.0,697579.0
2023-03,2023,3,1,1F,ทวีปออสเตรเลีย,16282922.0,240411.0
2023-03,2023,3,1,1E,ทวีปแอฟริกา,4640840.0,51394.0
2023-03,2023,3,1,1D,ทวีปอเมริกาใต้,1651386.0,19926.0
2023-03,2023,3,1,1G,ประเทศอื่น,0.0,0.0
2023-04,2023,4,2,1B,ทวีปยุโรป,195579971.0,2950590.0
2023-04,2023,4,2,1A,ทวีปเอเชีย,146329823.0,2579498.0
2023-04,2023,4,2,1C,ทวีปอเมริกาเหนือ,60007834.0,833931.0
2023-04,2023,4,2,1F,ทวีปออสเตรเลีย,12474160.0,199602.0
2023-04,2023,4,2,1E,ทวีปแอฟริกา,3793303.0,43746.0
2023-04,2023,4,2,1D,ทวีปอเมริกาใต้,1393782.0,24932.0
2023-04,2023,4,2,1G,ประเทศอื่น,0.0,0.0
2023-05,2023,5,2,1B,ทวีปยุโรป,219900900.0,3163411.0
2023-05,2023,5,2,1C,ทวีปอเมริกาเหนือ,124555280.0,1765960.0
2023-05,2023,5,2,1A,ทวีปเอเชีย,197302584.0,3587989.0
2023-05,2023,5,2,1F,ทวีปออสเตรเลีย,16884450.0,250729.0
2023-05,2023,5,2,1E,ทวีปแอฟริกา,6292790.0,81702.0
2023-05,2023,5,2,1D,ทวีปอเมริกาใต้,918604.0,9220.0
2023-05,2023,5,2,1G,ประเทศอื่น,0.0,0.0
2023-06,2023,6,2,1C,ทวีปอเมริกาเหนือ,159266954.0,2158147.0
2023-06,2023,6,2,1B,ทวีปยุโรป,244963673.0,3474704.0
2023-06,2023,6,2,1A,ทวีปเอเชีย,177047284.0,2964584.0
2023-06,2023,6,2,1F,ทวีปออสเตรเลีย,22485360.0,323218.0
2023-06,2023,6,2,1E,ทวีปแอฟริกา,4061554.0,53536.0
2023-06,2023,6,2,1D,ทวีปอเมริกาใต้,488695.0,6610.0
2023-06,2023,6,2,1G,ประเทศอื่น,0.0,0.0
2023-07,2023,7,3,1C,ทวีปอเมริกาเหนือ,211287835.0,2948950.0
2023-07,2023,7,3,1B,ทวีปยุโรป,251253157.0,4034504.0
2023-07,2023,7,3,1A,ทวีปเอเชีย,186068444.0,2862666.0
2023-07,2023,7,3,1F,ทวีปออสเตรเลีย,28847982.0,376085.0
2023-07,2023,7,3,1E,ทวีปแอฟริกา,3081919.0,40932.0
2023-07,2023,7,3,1D,ทวีปอเมริกาใต้,3426082.0,46694.0
2023-07,2023,7,3,1G,ประเทศอื่น,0.0,0.0
2023-08,2023,8,3,1C,ทวีปอเมริกาเหนือ,264286514.0,3562153.0
2023-08,2023,8,3,1B,ทวีปยุโรป,238653142.0,3757110.0
2023-08,2023,8,3,1A,ทวีปเอเชีย,185193009.0,2920173.0
2023-08,2023,8,3,1F,ทวีปออสเตรเลีย,26480647.0,416352.0
2023-08,2023,8,3,1E,ทวีปแอฟริกา,4154062.0,50679.0
2023-08,2023,8,3,1D,ทวีปอเมริกาใต้,1125675.0,10487.0
2023-08,2023,8,3,1G,ประเทศอื่น,0.0,0.0
2023-09,2023,9,3,1C,ทวีปอเมริกาเหนือ,251391515.0,3336663.0
2023-09,2023,9,3,1B,ทวีปยุโรป,271762825.0,3922490.0
2023-09,2023,9,3,1A,ทวีปเอเชีย,191493962.0,3048755.0
2023-09,2023,9,3,1F,ทวีปออสเตรเลีย,30491282.0,365731.0
2023-09,2023,9,3,1E,ทวีปแอฟริกา,8371730.0,93397.0
2023-09,2023,9,3,1D,ทวีปอเมริกาใต้,1989675.0,26631.0
2023-09,2023,9,3,1G,ประเทศอื่น,0.0,0.0
2023-10,2023,10,4,1C,ทวีปอเมริกาเหนือ,247442550.0,3319170.0
2023-10,2023,10,4,1B,ทวีปยุโรป,269594794.0,4234923.0
2023-10,2023,10,4,1A,ทวีปเอเชีย,168165362.0,2493068.0
2023-10,2023,10,4,1F,ทวีปออสเตรเลีย,35347041.0,431000.0
2023-10,2023,10,4,1E,ทวีปแอฟริกา,4030739.0,53503.0
2023-10,2023,10,4,1D,ทวีปอเมริกาใต้,887989.0,7255.0
2023-10,2023,10,4,1G,ประเทศอื่น,0.0,0.0
2023-11,2023,11,4,1C,ทวีปอเมริกาเหนือ,203030506.0,2734721.0
2023-11,2023,11,4,1B,ทวีปยุโรป,266732276.0,3943475.0
2023-11,2023,11,4,1A,ทวีปเอเชีย,193856311.0,3017253.0
2023-11,2023,11,4,1F,ทวีปออสเตรเลีย,32784799.0,392493.0
2023-11,2023,11,4,1E,ทวีปแอฟริกา,6149467.0,75715.0
2023-11,2023,11,4,1D,ทวีปอเมริกาใต้,1318875.0,16977.0
2023-11,2023,11,4,1G,ประเทศอื่น,0.0,0.0
2023-12,2023,12,4,1C,ทวีปอเมริกาเหนือ,133276910.0,1871504.0
2023-12,2023,12,4,1B,ทวีปยุโรป,260402288.0,3885920.0
2023-12,2023,12,4,1A,ทวีปเอเชีย,200034804.0,3464378.0
2023-12,2023,12,4,1F,ทวีปออสเตรเลีย,20052024.0,328961.0
2023-12,2023,12,4,1E,ทวีปแอฟริกา,4720910.0,63530.0
2023-12,2023,12,4,1D,ทวีปอเมริกาใต้,1162232.0,13368.0
2023-12,2023,12,4,1G,ประเทศอื่น,0.0,0.0
2024-01,2024,1,1,1C,ทวีปอเมริกาเหนือ,94931852.0,1301710.0
2024-01,2024,1,1,1B,ทวีปยุโรป,277201146.0,4006630.0
2024-01,2024,1,1,1A,ทวีปเอเชีย,221610099.0,3781129.0
2024-01,2024,1,1,1F,ทวีปออสเตรเลีย,30445847.0,393230.0
2024-01,2024,1,1,1E,ทวีปแอฟริกา,5678407.0,53459.0
2024-01,2024,1,1,1D,ทวีปอเมริกาใต้,1432762.0,14759.0
2024-02,2024,2,1,1C,ทวีปอเมริกาเหนือ,82248277.0,1184237.0
2024-02,2024,2,1,1B,ทวีปยุโรป,267411493.0,3767298.0
2024-02,2024,2,1,1A,ทวีปเอเชีย,192308465.0,3297865.0
2024-02,2024,2,1,1F,ทวีปออสเตรเลีย,24984159.0,353233.0
2024-02,2024,2,1,1E,ทวีปแอฟริกา,15570174.0,158098.0
2024-02,2024,2,1,1D,ทวีปอเมริกาใต้,1240807.0,18999.0
2024-02,2024,2,1,1G,ประเทศอื่น,208686.0,2022.0
2024-03,2024,3,1,1C,ทวีปอเมริกาเหนือ,102123909.0,1510601.0
2024-03,2024,3,1,1B,ทวีปยุโรป,245215221.0,3438019.0
2024-03,2024,3,1,1A,ทวีปเอเชีย,218915638.0,3820415.0
2024-03,2024,3,1,1F,ทวีปออสเตรเลีย,19771528.0,256171.0
2024-03,2024,3,1,1E,ทวีปแอฟริกา,9276772.0,106754.0
2024-03,2024,3,1,1D,ทวีปอเมริกาใต้,3378462.0,31426.0
2024-03,2024,3,1,1G,ประเทศอื่น,0.0,0.0
2024-04,2024,4,2,1C,ทวีปอเมริกาเหนือ,88632895.0,1224301.0
2024-04,2024,4,2,1B,ทวีปยุโรป,265241327.0,3537455.0
2024-04,2024,4,2,1A,ทวีปเอเชีย,185335825.0,2988130.0
2024-04,2024,4,2,1F,ทวีปออสเตรเลีย,17896667.0,234926.0
2024-04,2024,4,2,1E,ทวีปแอฟริกา,5975064.0,78251.0
2024-04,2024,4,2,1D,ทวีปอเมริกาใต้,1019652.0,15368.0
2024-04,2024,4,2,1G,ประเทศอื่น,0.0,0.0
2024-05,2024,5,2,1C,ทวีปอเมริกาเหนือ,89802331.0,1371831.0
2024-05,2024,5,2,1B,ทวีปยุโรป,293131663.0,3747174.0
2024-05,2024,5,2,1A,ทวีปเอเชีย,218393999.0,3418821.0
2024-05,2024,5,2,1F,ทวีปออสเตรเลีย,26071397.0,352645.0
2024-05,2024,5,2,1E,ทวีปแอฟริกา,3047978.0,39335.0
2024-05,2024,5,2,1D,ทวีปอเมริกาใต้,2348858.0,26588.0
2024-05,2024,5,2,1G,ประเทศอื่น,0.0,0.0
2024-06,2024,6,2,1C,ทวีปอเมริกาเหนือ,65216210.0,977204.0
2024-06,2024,6,2,1B,ทวีปยุโรป,304815640.0,4268890.0
2024-06,2024,6,2,1A,ทวีปเอเชีย,159435695.0,2578170.0
2024-06,2024,6,2,1F,ทวีปออสเตรเลีย,35005147.0,496414.0
2024-06,2024,6,2,1E,ทวีปแอฟริกา,6659993.0,99868.0
2024-06,2024,6,2,1D,ทวีปอเมริกาใต้,848408.0,11200.0
2024-06,2024,6,2,1G,ประเทศอื่น,0.0,0.0
2024-07,2024,7,3,1C,ทวีปอเมริกาเหนือ,76643720.0,1133525.0
2024-07,2024,7,3,1B,ทวีปยุโรป,325950320.0,4670024.0
2024-07,2024,7,3,1A,ทวีปเอเชีย,225726097.0,3461510.0
2024-07,2024,7,3,1F,ทวีปออสเตรเลีย,26800676.0,313114.0
2024-07,2024,7,3,1E,ทวีปแอฟริกา,8610791.0,84527.0
2024-07,2024,7,3,1D,ทวีปอเมริกาใต้,1959040.0,26070.0
2024-07,2024,7,3,1G,ประเทศอื่น,0.0,0.0
2024-08,2024,8,3,1C,ทวีปอเมริกาเหนือ,92946779.0,1454217.0
2024-08,2024,8,3,1B,ทวีปยุโรป,279467841.0,4076108.0
2024-08,2024,8,3,1A,ทวีปเอเชีย,204337927.0,3073551.0
2024-08,2024,8,3,1F,ทวีปออสเตรเลีย,30438439.0,376993.0
2024-08,2024,8,3,1E,ทวีปแอฟริกา,9127691.0,113359.0
2024-08,2024,8,3,1D,ทวีปอเมริกาใต้,3197141.0,29908.0
2024-08,2024,8,3,1G,ประเทศอื่น,0.0,0.0
2024-09,2024,9,3,1C,ทวีปอเมริกาเหนือ,67881798.0,1025753.0
2024-09,2024,9,3,1B,ทวีปยุโรป,312273517.0,4848453.0
2024-09,2024,9,3,1A,ทวีปเอเชีย,203323501.0,3288602.0
2024-09,2024,9,3,1F,ทวีปออสเตรเลีย,18700194.0,270430.0
2024-09,2024,9,3,1E,ทวีปแอฟริกา,5332422.0,56820.0
2024-09,2024,9,3,1D,ทวีปอเมริกาใต้,3446811.0,36125.0
2024-09,2024,9,3,1G,ประเทศอื่น,0.0,0.0
2024-10,2024,10,4,1C,ทวีปอเมริกาเหนือ,84644967.0,1170615.0
2024-10,2024,10,4,1B,ทวีปยุโรป,235800991.0,3446601.0
2024-10,2024,10,4,1A,ทวีปเอเชีย,175068167.0,2937679.0
2024-10,2024,10,4,1F,ทวีปออสเตรเลีย,26910858.0,414197.0
2024-10,2024,10,4,1E,ทวีปแอฟริกา,9791039.0,125137.0
2024-10,2024,10,4,1D,ทวีปอเมริกาใต้,3316451.0,52900.0
2024-10,2024,10,4,1G,ประเทศอื่น,0.0,0.0
2024-11,2024,11,4,1C,ทวีปอเมริกาเหนือ,56555104.0,679844.0
2024-11,2024,11,4,1B,ทวีปยุโรป,216986226.0,3338609.0
2024-11,2024,11,4,1A,ทวีปเอเชีย,219502712.0,3785139.0
2024-11,2024,11,4,1F,ทวีปออสเตรเลีย,22321276.0,325701.0
2024-11,2024,11,4,1E,ทวีปแอฟริกา,8217567.0,98905.0
2024-11,2024,11,4,1D,ทวีปอเมริกาใต้,1762509.0,22985.0
2024-11,2024,11,4,1G,ประเทศอื่น,0.0,0.0
2024-12,2024,12,4,1C,ทวีปอเมริกาเหนือ,62900327.0,879969.0
2024-12,2024,12,4,1B,ทวีปยุโรป,255267957.0,3345317.0
2024-12,2024,12,4,1A,ทวีปเอเชีย,211468536.0,3665135.0
2024-12,2024,12,4,1F,ทวีปออสเตรเลีย,27343541.0,386041.0
2024-12,2024,12,4,1E,ทวีปแอฟริกา,7663844.0,84065.0
2024-12,2024,12,4,1D,ทวีปอเมริกาใต้,1911744.0,19664.0
2024-12,2024,12,4,1G,ประเทศอื่น,0.0,0.0
2025-01,2025,1,1,1B,ทวีปยุโรป,251549025.0,3900993.0
2025-01,2025,1,1,1C,ทวีปอเมริกาเหนือ,51517271.0,699535.0
2025-01,2025,1,1,1A,ทวีปเอเชีย,176022843.0,3075849.0
2025-01,2025,1,1,1F,ทวีปออสเตรเลีย,17290211.0,254784.0
2025-01,2025,1,1,1E,ทวีปแอฟริกา,2703681.0,36196.0
2025-01,2025,1,1,1D,ทวีปอเมริกาใต้,2201932.0,35246.0
2025-02,2025,2,1,1B,ทวีปยุโรป,252477391.0,3612937.0
2025-02,2025,2,1,1C,ทวีปอเมริกาเหนือ,65873948.0,926908.0
2025-02,2025,2,1,1A,ทวีปเอเชีย,194594438.0,3261641.0
2025-02,2025,2,1,1F,ทวีปออสเตรเลีย,26966518.0,418035.0
2025-02,2025,2,1,1E,ทวีปแอฟริกา,4327205.0,51607.0
2025-02,2025,2,1,1D,ทวีปอเมริกาใต้,1937302.0,17925.0
2025-03,2025,3,1,1B,ทวีปยุโรป,299896222.0,4390749.0
2025-03,2025,3,1,1C,ทวีปอเมริกาเหนือ,57803256.0,728999.0
2025-03,2025,3,1,1A,ทวีปเอเชีย,204110792.0,3444121.0
2025-03,2025,3,1,1F,ทวีปออสเตรเลีย,20868882.0,302649.0
2025-03,2025,3,1,1E,ทวีปแอฟริกา,4780215.0,64600.0
2025-03,2025,3,1,1D,ทวีปอเมริกาใต้,1699958.0,20068.0
2025-04,2025,4,2,1B,ทวีปยุโรป,284322772.0,3740131.0
2025-04,2025,4,2,1C,ทวีปอเมริกาเหนือ,66285466.0,905937.0
2025-04,2025,4,2,1A,ทวีปเอเชีย,176147236.0,2933117.0
2025-04,2025,4,2,1F,ทวีปออสเตรเลีย,15793995.0,271318.0
2025-04,2025,4,2,1E,ทวีปแอฟริกา,5002159.0,63801.0
2025-04,2025,4,2,1D,ทวีปอเมริกาใต้,1197930.0,16552.0
2025-05,2025,5,2,1B,ทวีปยุโรป,281862036.0,4060938.0
2025-05,2025,5,2,1C,ทวีปอเมริกาเหนือ,77193478.0,1099165.0
2025-05,2025,5,2,1A,ทวีปเอเชีย,182539296.0,3271197.0
2025-05,2025,5,2,1F,ทวีปออสเตรเลีย,23246749.0,360347.0
2025-05,2025,5,2,1E,ทวีปแอฟริกา,4461274.0,55009.0
2025-05,2025,5,2,1D,ทวีปอเมริกาใต้,2529606.0,23540.0
2025-06,2025,6,2,1B,ทวีปยุโรป,209039386.0,2840129.0
2025-06,2025,6,2,1C,ทวีปอเมริกาเหนือ,74984509.0,1052201.0
2025-06,2025,6,2,1A,ทวีปเอเชีย,190989193.0,3221707.0
2025-06,2025,6,2,1F,ทวีปออสเตรเลีย,33960905.0,452503.0
2025-06,2025,6,2,1E,ทวีปแอฟริกา,4120755.0,47485.0
2025-06,2025,6,2,1D,ทวีปอเมริกาใต้,1936533.0,26824.0
2025-07,2025,7,3,1B,ทวีปยุโรป,251087010.0,3812900.0
2025-07,2025,7,3,1C,ทวีปอเมริกาเหนือ,75613785.0,979432.0
2025-07,2025,7,3,1A,ทวีปเอเชีย,182730442.0,3070157.0
2025-07,2025,7,3,1F,ทวีปออสเตรเลีย,27778983.0,421745.0
2025-07,2025,7,3,1E,ทวีปแอฟริกา,8476301.0,116473.0
2025-07,2025,7,3,1D,ทวีปอเมริกาใต้,1991367.0,14856.0
2025-08,2025,8,3,1B,ทวีปยุโรป,276387756.0,3963595.0
2025-08,2025,8,3,1C,ทวีปอเมริกาเหนือ,48781906.0,667633.0
2025-08,2025,8,3,1A,ทวีปเอเชีย,193987079.0,3084210.0
2025-08,2025,8,3,1F,ทวีปออสเตรเลีย,28561327.0,398351.0
2025-08,2025,8,3,1E,ทวีปแอฟริกา,8578505.0,116849.0
2025-08,2025,8,3,1D,ทวีปอเมริกาใต้,91307.0,1256.0
2025-09,2025,9,3,1B,ทวีปยุโรป,254805299.0,3873737.0
2025-09,2025,9,3,1C,ทวีปอเมริกาเหนือ,58881299.0,830542.0
2025-09,2025,9,3,1A,ทวีปเอเชีย,174853690.0,3041478.0
2025-09,2025,9,3,1F,ทวีปออสเตรเลีย,28635169.0,428838.0
2025-09,2025,9,3,1E,ทวีปแอฟริกา,11986213.0,158701.0
2025-09,2025,9,3,1D,ทวีปอเมริกาใต้,1942542.0,26151.0
2025-10,2025,10,4,1B,ทวีปยุโรป,247323268.0,3995795.0
2025-10,2025,10,4,1C,ทวีปอเมริกาเหนือ,68206658.0,951974.0
2025-10,2025,10,4,1A,ทวีปเอเชีย,199123927.0,3426732.0
2025-10,2025,10,4,1F,ทวีปออสเตรเลีย,30982648.0,448766.0
2025-10,2025,10,4,1E,ทวีปแอฟริกา,5442843.0,71472.0
2025-10,2025,10,4,1D,ทวีปอเมริกาใต้,5065775.0,53783.0
2025-11,2025,11,4,1B,ทวีปยุโรป,237313901.0,3593751.0
2025-11,2025,11,4,1C,ทวีปอเมริกาเหนือ,57918437.0,803292.0
2025-11,2025,11,4,1A,ทวีปเอเชีย,191846412.0,3252084.0
2025-11,2025,11,4,1F,ทวีปออสเตรเลีย,23701865.0,311462.0
2025-11,2025,11,4,1E,ทวีปแอฟริกา,7069913.0,77196.0
2025-11,2025,11,4,1D,ทวีปอเมริกาใต้,2043366.0,27632.0
2025-12,2025,12,4,1B,ทวีปยุโรป,274581563.0,4349910.0
2025-12,2025,12,4,1C,ทวีปอเมริกาเหนือ,77079248.0,1086511.0
2025-12,2025,12,4,1A,ทวีปเอเชีย,195410176.0,3405811.0
2025-12,2025,12,4,1F,ทวีปออสเตรเลีย,25999396.0,377032.0
2025-12,2025,12,4,1E,ทวีปแอฟริกา,7714032.0,87502.0
2025-12,2025,12,4,1D,ทวีปอเมริกาใต้,2964895.0,41126.0
2026-01,2026,1,1,1B,ทวีปยุโรป,250390485.0,4071588.0
2026-01,2026,1,1,1A,ทวีปเอเชีย,172812846.0,3043147.0
2026-01,2026,1,1,1C,ทวีปอเมริกาเหนือ,65668994.0,1111490.0
2026-01,2026,1,1,1F,ทวีปออสเตรเลีย,20505240.0,307222.0
2026-01,2026,1,1,1E,ทวีปแอฟริกา,5154575.0,89788.0
2026-01,2026,1,1,1D,ทวีปอเมริกาใต้,1287791.0,21844.0
2026-02,2026,2,1,1B,ทวีปยุโรป,274858870.0,4119492.0
2026-02,2026,2,1,1A,ทวีปเอเชีย,182601883.0,3172664.0
2026-02,2026,2,1,1C,ทวีปอเมริกาเหนือ,64836468.0,1014688.0
2026-02,2026,2,1,1F,ทวีปออสเตรเลีย,22059618.0,371682.0
2026-02,2026,2,1,1E,ทวีปแอฟริกา,3961409.0,53901.0
2026-02,2026,2,1,1D,ทวีปอเมริกาใต้,773414.0,12238.0
2026-03,2026,3,1,1B,ทวีปยุโรป,319887789.0,4772153.0
2026-03,2026,3,1,1A,ทวีปเอเชีย,191101076.0,3417072.0
2026-03,2026,3,1,1C,ทวีปอเมริกาเหนือ,54121473.0,791176.0
2026-03,2026,3,1,1F,ทวีปออสเตรเลีย,25196066.0,345067.0
2026-03,2026,3,1,1E,ทวีปแอฟริกา,4637051.0,64516.0
2026-03,2026,3,1,1D,ทวีปอเมริกาใต้,1310050.0,12253.0
2026-04,2026,4,2,1B,ทวีปยุโรป,238448198.0,3336437.0
2026-04,2026,4,2,1C,ทวีปอเมริกาเหนือ,74836247.0,949296.0
2026-04,2026,4,2,1A,ทวีปเอเชีย,195422003.0,3341514.0
2026-04,2026,4,2,1F,ทวีปออสเตรเลีย,29448080.0,445304.0
2026-04,2026,4,2,1E,ทวีปแอฟริกา,6902943.0,82018.0
2026-04,2026,4,2,1D,ทวีปอเมริกาใต้,2912364.0,29394.0
2026-05,2026,5,2,1B,ทวีปยุโรป,302031441.0,4062591.0
2026-05,2026,5,2,1C,ทวีปอเมริกาเหนือ,68256310.0,923971.0
2026-05,2026,5,2,1A,ทวีปเอเชีย,203829922.0,3464000.0
2026-05,2026,5,2,1F,ทวีปออสเตรเลีย,28279533.0,403779.0
2026-05,2026,5,2,1E,ทวีปแอฟริกา,4588011.0,54265.0
2026-05,2026,5,2,1D,ทวีปอเมริกาใต้,1247715.0,21084.0
